<ManagedElement xmlns="urn:3gpp:sa5:_3gpp-common-managed-element">
  <id>ManagedElement=ns3-wifi-dt,ntust-wifi-dt-ap-1247</id>
  <attributes>
    <priorityLabel>1</priorityLabel>
  </attributes>
  <GNBDUFunction xmlns="urn:3gpp:sa5:_3gpp-nr-nrm-gnbdufunction">
    <id>ManagedElement=ns3-wifi-dt,ntust-peap,AP-1,802.11ax,band=3</id>
    <attributes>
      <priorityLabel>1</priorityLabel>
      <gNBId>0</gNBId>
      <gNBIdLength>32</gNBIdLength>
      <gNBDUId>0</gNBDUId>
      <gNBDUName>D1_4F_AP01</gNBDUName>
      <peeParametersList>
        <idx>0</idx>
        <siteLatitude>0.0</siteLatitude>
        <siteLongitude>0.0</siteLongitude>
        <siteAltitude>0.0</siteAltitude>
      </peeParametersList> 
    </attributes>
    <NRCellDU xmlns="urn:3gpp:sa5:_3gpp-nr-nrm-nrcelldu">
      <id>ManagedElement=ns3-wifi-dt,ntust-peap,AP-1,802.11ax,band=3,2.4G</id>
      <attributes>
        <priorityLabel>1</priorityLabel>
        <arfcnDL>1</arfcnDL>
      </attributes>
    </NRCellDU>
    <NRCellDU xmlns="urn:3gpp:sa5:_3gpp-nr-nrm-nrcelldu">
      <id>ManagedElement=ns3-wifi-dt,ntust-peap,AP-1,802.11ax,band=3,5G</id>
      <attributes>
        <priorityLabel>1</priorityLabel>
        <arfcnDL>52</arfcnDL>
      </attributes>
    </NRCellDU>
  </GNBDUFunction>
  <GNBDUFunction xmlns="urn:3gpp:sa5:_3gpp-nr-nrm-gnbdufunction">
    <id>ManagedElement=ns3-wifi-dt,ntust-peap,AP-2,802.11ax,band=3</id>
    <attributes>
      <priorityLabel>1</priorityLabel>
      <gNBId>0</gNBId>
      <gNBIdLength>32</gNBIdLength>
      <gNBDUId>1</gNBDUId>
      <gNBDUName>D1_4F_AP02</gNBDUName>
      <peeParametersList>
        <idx>1</idx>
        <siteLatitude>10.0</siteLatitude>
        <siteLongitude>0.0</siteLongitude>
        <siteAltitude>0.0</siteAltitude>
      </peeParametersList> 
    </attributes>
    <NRCellDU xmlns="urn:3gpp:sa5:_3gpp-nr-nrm-nrcelldu">
      <id>ManagedElement=ns3-wifi-dt,ntust-peap,AP-2,802.11ax,band=3,2.4G</id>
      <attributes>
        <priorityLabel>1</priorityLabel>
        <arfcnDL>6</arfcnDL>
      </attributes>
    </NRCellDU>
    <NRCellDU xmlns="urn:3gpp:sa5:_3gpp-nr-nrm-nrcelldu">
      <id>ManagedElement=ns3-wifi-dt,ntust-peap,AP-2,802.11ax,band=3,5G</id>
      <attributes>
        <priorityLabel>1</priorityLabel>
        <arfcnDL>149</arfcnDL>
      </attributes>
    </NRCellDU>
  </GNBDUFunction>
  <GNBDUFunction xmlns="urn:3gpp:sa5:_3gpp-nr-nrm-gnbdufunction">
    <id>ManagedElement=ns3-wifi-dt,ntust-peap,AP-3,802.11ax,band=3</id>
    <attributes>
      <priorityLabel>1</priorityLabel>
      <gNBId>0</gNBId>
      <gNBIdLength>32</gNBIdLength>
      <gNBDUId>2</gNBDUId>
      <gNBDUName>D1_4F_AP03</gNBDUName>
      <peeParametersList>
        <idx>2</idx>
        <siteLatitude>0.0</siteLatitude>
        <siteLongitude>10.0</siteLongitude>
        <siteAltitude>0.0</siteAltitude>
      </peeParametersList> 
    </attributes>
    <NRCellDU xmlns="urn:3gpp:sa5:_3gpp-nr-nrm-nrcelldu">
      <id>ManagedElement=ns3-wifi-dt,ntust-peap,AP-3,802.11ax,band=3,2.4G</id>
      <attributes>
        <priorityLabel>1</priorityLabel>
        <arfcnDL>1</arfcnDL>
      </attributes>
    </NRCellDU>
    <NRCellDU xmlns="urn:3gpp:sa5:_3gpp-nr-nrm-nrcelldu">
      <id>ManagedElement=ns3-wifi-dt,ntust-peap,AP-3,802.11ax,band=3,5G</id>
      <attributes>
        <priorityLabel>1</priorityLabel>
        <arfcnDL>36</arfcnDL>
      </attributes>
    </NRCellDU>
  </GNBDUFunction>
  <GNBDUFunction xmlns="urn:3gpp:sa5:_3gpp-nr-nrm-gnbdufunction">
    <id>ManagedElement=ns3-wifi-dt,ntust-peap,AP-4,802.11ax,band=3</id>
    <attributes>
      <priorityLabel>1</priorityLabel>
      <gNBId>0</gNBId>
      <gNBIdLength>32</gNBIdLength>
      <gNBDUId>3</gNBDUId>
      <gNBDUName>D1_4F_AP04</gNBDUName>
      <peeParametersList>
        <idx>3</idx>
        <siteLatitude>10.0</siteLatitude>
        <siteLongitude>10.0</siteLongitude>
        <siteAltitude>0.0</siteAltitude>
      </peeParametersList> 
    </attributes>
    <NRCellDU xmlns="urn:3gpp:sa5:_3gpp-nr-nrm-nrcelldu">
      <id>ManagedElement=ns3-wifi-dt,ntust-peap,AP-4,802.11ax,band=3,2.4G</id>
      <attributes>
        <priorityLabel>1</priorityLabel>
        <arfcnDL>1</arfcnDL>
      </attributes>
    </NRCellDU>
    <NRCellDU xmlns="urn:3gpp:sa5:_3gpp-nr-nrm-nrcelldu">
      <id>ManagedElement=ns3-wifi-dt,ntust-peap,AP-4,802.11ax,band=3,5G</id>
      <attributes>
        <priorityLabel>1</priorityLabel>
        <arfcnDL>108</arfcnDL>
      </attributes>
    </NRCellDU>
  </GNBDUFunction>
</ManagedElement>