{
  "Minute": {
    "DateTime": "2025-04-22T15:39:56",
    "STAConfig": [
      {
        "STAName": "m11302229",
        "ssid": "ntust-peap",
        "connectedofAP": "RB_1F_AP01",
        "radio band": "5GHz",
        "bytes": 10000000,
        "dataDirection": "UL"
      },
      {
        "STAName": "m11302230",
        "ssid": "ntust-peap",
        "connectedofAP": "RB_1F_AP01",
        "radio band": "5GHz",
        "bytes": 10000000,
        "dataDirection": "UL"
      },
      {
        "STAName": "m11302231",
        "ssid": "ntust-peap",
        "connectedofAP": "RB_1F_AP01",
        "radio band": "5GHz",
        "bytes": 10000000,
        "dataDirection": "UL"
      },
      {
        "STAName": "m11302232",
        "ssid": "ntust-peap",
        "connectedofAP": "RB_1F_AP04",
        "radio band": "2.4GHz",
        "bytes": 10000000,
        "dataDirection": "UL"
      },
      {
        "STAName": "m11302233",
        "ssid": "ntust-peap",
        "connectedofAP": "RB_1F_AP04",
        "radio band": "2.4GHz",
        "bytes": 10000000,
        "dataDirection": "UL"
      },
      {
        "STAName": "m11302234",
        "ssid": "ntust-peap",
        "connectedofAP": "RB_1F_AP04",
        "radio band": "5GHz",
        "bytes": 20000000,
        "dataDirection": "DL"
      },
      {
        "STAName": "m11302234",
        "ssid": "ntust-peap",
        "connectedofAP": "RB_1F_AP04",
        "radio band": "5GHz",
        "bytes": 40000000,
        "dataDirection": "UL"
      }
    ]
  }
}